{
  "hash": "9cb8a3af",
  "configHash": "c160253e",
  "lockfileHash": "8724eeec",
  "browserHash": "c2e93fa3",
  "optimized": {
    "@angular/common": {
      "src": "../../../../../../node_modules/@angular/common/fesm2022/common.mjs",
      "file": "@angular_common.js",
      "fileHash": "5c78110a",
      "needsInterop": false
    },
    "@angular/core": {
      "src": "../../../../../../node_modules/@angular/core/fesm2022/core.mjs",
      "file": "@angular_core.js",
      "fileHash": "5a0d5a69",
      "needsInterop": false
    },
    "@angular/forms": {
      "src": "../../../../../../node_modules/@angular/forms/fesm2022/forms.mjs",
      "file": "@angular_forms.js",
      "fileHash": "39aa0fb3",
      "needsInterop": false
    },
    "@angular/platform-browser": {
      "src": "../../../../../../node_modules/@angular/platform-browser/fesm2022/platform-browser.mjs",
      "file": "@angular_platform-browser.js",
      "fileHash": "5f324240",
      "needsInterop": false
    },
    "@angular/router": {
      "src": "../../../../../../node_modules/@angular/router/fesm2022/router.mjs",
      "file": "@angular_router.js",
      "fileHash": "09403af2",
      "needsInterop": false
    }
  },
  "chunks": {
    "chunk-Y5ODGZND": {
      "file": "chunk-Y5ODGZND.js"
    },
    "chunk-MIALKUAS": {
      "file": "chunk-MIALKUAS.js"
    },
    "chunk-MHQIP2VU": {
      "file": "chunk-MHQIP2VU.js"
    }
  }
}